N,Time,Mean Threshold
10.0,1.066666667,0.584
25.0,0.133333333,0.59952
50.0,0.4,0.591413333
100.0,0.933333333,0.59018
250.0,4.833333333,0.5917072
500.0,20.033333333,0.590359867
