N,Time,Mean Threshold
10.0,1.93199366666667E-4,0.5906666666666667
25.0,3.18548133333333E-4,0.5961066666666668
50.0,0.001346714933333333,0.5943599999999999
100.0,0.014728208000000001,0.5960966666666666
250.0,0.5111187166333335,0.5957855999999998
500.0,7.929297484766667,0.5938982666666666
