N,Time,Mean Threshold
10.0,19.0,0.585
25.0,18.0,0.59472
50.0,63.0,0.58876
100.0,118.0,0.591836667
250.0,1480.0,0.5920592
500.0,2878.0,0.591056
