N,Time,Mean Threshold
10.0,24.0,0.587333333
25.0,21.0,0.5816
50.0,100.0,0.592426667
100.0,306.0,0.596176667
250.0,4218.0,0.593432533
500.0,21428.0,0.593002133
