N,Time,Mean Threshold
10.0,0.3,0.602333333
25.0,0.366666667,0.592906667
50.0,2.566666667,0.584626667
100.0,17.266666667,0.59123
250.0,587.533333333,0.5948624
